mls_number,listing_url,price_raw,price,property_type,address,city_province_postal,latitude,longitude,bedrooms,bathrooms,half_bathrooms,size_interior,stories,building_type,parking_spaces_total,description,photo_url,listed_date_utc,days_on_market,agent_name,brokerage_name,brokerage_phone
A2339932,https://www.realtor.ca/real-estate/30202612/42-west-grove-way-sw-calgary-west-springs,"$1,098,000",1098000.0,Single Family,42 West Grove Way SW,"Calgary, Alberta T3H1Y8",51.05591899,-114.191873231,4,4,0,2518.19 sqft,2,House,4,,https://cdn.realtor.ca/listings/TS639233925377370000/reb9/medres/2/A2339932_1.jpg,639234069377300000,4 hours ago,Yan Gong,RE/MAX House of Real Estate,287-3880
A2340536,https://www.realtor.ca/real-estate/30202587/334-chaparral-valley-drive-se-calgary-chaparral,"$489,999",489999.0,Single Family,334 Chaparral Valley Drive SE,"Calgary, Alberta T2X0P7",50.885121134,-114.014821123,3,3,1,1573.77 sqft,2,Duplex,2,,https://cdn.realtor.ca/listings/TS639233902609030000/reb9/medres/6/A2340536_1.jpg,639234046608970000,4 hours ago,Harshdeep Gadhok,Executive Real Estate Services,926-9999
A2340478,https://www.realtor.ca/real-estate/30202580/157-walden-park-se-calgary-walden,"$725,000",725000.0,Single Family,157 Walden Park SE,"Calgary, Alberta T2X0Z1",50.8718649,-114.030948,3,3,1,2014.42 sqft,2,House,4,,https://cdn.realtor.ca/listings/TS639233890653770000/reb9/medres/8/A2340478_1.jpg,639234034653700000,5 hours ago,Jim Sidhu,LPT Realty,366-2213
A2339839,https://www.realtor.ca/real-estate/30202490/643-36-street-sw-calgary-spruce-cliff,"$1,195,000",1195000.0,Single Family,643 36 Street SW,"Calgary, Alberta T3C1R1",51.046086219,-114.140145469,3 + 1,5,1,2168.49 sqft,2,House,2,,https://cdn.realtor.ca/listings/TS639233854417130000/reb9/medres/9/A2339839_1.jpg,639233998417100000,6 hours ago,Lisa Johnson,RE/MAX House of Real Estate,287-3880
A2340233,https://www.realtor.ca/real-estate/30202479/236-scenic-acres-terrace-nw-calgary-scenic-acres,"$515,000",515000.0,Single Family,236 Scenic Acres Terrace NW,"Calgary, Alberta T3L1K5",51.11494879,-114.22189065,3,2,1,1539 sqft,2,Row / Townhouse,1,,https://cdn.realtor.ca/listings/TS639233847816500000/reb9/medres/3/A2340233_1.jpg,639233991816470000,6 hours ago,Anthony Massink-Wttewaall,Comox Realty,456-3688
A2340477,https://www.realtor.ca/real-estate/30202468/716-55-ave-avenue-sw-calgary-windsor-park,"$1,200,000",1200000.0,Single Family,"716, 55 ave Avenue SW","Calgary, Alberta T2V0G3",51.0042774,-114.0813768,3 + 2,2,0,1088 sqft,1,House,5,,https://cdn.realtor.ca/listings/TS639233837592130000/reb9/medres/7/A2340477_1.jpg,639233981592100000,6 hours ago,Rubena Jessa,Ko Realty Ltd.,400-0699
A2340165,https://www.realtor.ca/real-estate/30202440/68-spring-valley-way-sw-calgary-springbank-hill,"$1,780,000",1780000.0,Single Family,68 Spring Valley Way SW,"Calgary, Alberta T3H4V2",51.026794269,-114.204111106,2 + 1,4,1,2744 sqft,1.5,House,4,,https://cdn.realtor.ca/listings/TS639233819560430000/reb9/medres/5/A2340165_1.jpg,639233963560370000,7 hours ago,Chris Dingle,REMAX Innovations,228-5557
A2339663,https://www.realtor.ca/real-estate/30202423/12-mt-norquay-gate-se-calgary-mckenzie-lake,"$1,099,000",1099000.0,Single Family,12 Mt Norquay Gate SE,"Calgary, Alberta T2Z2L3",50.905767512,-113.998017197,4 + 1,4,1,2599.66 sqft,2,House,4,,https://cdn.realtor.ca/listings/TS639233811086670000/reb9/medres/3/A2339663_1.jpg,639233955086600000,7 hours ago,Anne Clarke-Davidson,Real Estate Professionals Inc.,547-4102
A2340414,https://www.realtor.ca/real-estate/30202337/76-200-shawnessy-drive-sw-calgary-shawnessy,"$390,000",390000.0,Single Family,"76, 200 Shawnessy Drive SW","Calgary, Alberta T2Y1G8",50.908282522,-114.079230719,2,2,1,1116.5 sqft,2,Row / Townhouse,,,https://cdn.realtor.ca/listings/TS639233801216200000/reb9/medres/4/A2340414_1.jpg,639233945216170000,7 hours ago,Cory J. Smith,RE/MAX Landan Real Estate,256-3888
A2340133,https://www.realtor.ca/real-estate/30202304/2352-7-street-nw-calgary-mount-pleasant,"$749,000",749000.0,Single Family,2352 7 Street NW,"Calgary, Alberta T2M1T1",51.07304853,-114.078649391,3 + 1,4,1,1442.97 sqft,2,Row / Townhouse,1,,https://cdn.realtor.ca/listings/TS639233783659070000/reb9/medres/3/A2340133_1.jpg,639233927659030000,8 hours ago,Justin Warthe,Real Broker,623-6900
A2339977,https://www.realtor.ca/real-estate/30202291/8512-33-avenue-nw-calgary-bowness,"$588,800",588800.0,Single Family,8512 33 Avenue NW,"Calgary, Alberta T3B1M1",51.089521732,-114.210128998,3,2,0,1353.1 sqft,1,House,2,,https://cdn.realtor.ca/listings/TS639233776464600000/reb9/medres/7/A2339977_1.jpg,639233920464570000,8 hours ago,Anthony Massink-Wttewaall,Comox Realty,456-3688
A2337754,https://www.realtor.ca/real-estate/30202268/43-cromwell-avenue-nw-calgary-collingwood,"$1,599,500",1599500.0,Single Family,43 Cromwell Avenue NW,"Calgary, Alberta T2L0M6",51.086668176,-114.097448044,2 + 2,3,0,1757.96 sqft,1,House,6,,https://cdn.realtor.ca/listings/TS639233764474270000/reb9/medres/4/A2337754_1.jpg,639233908474200000,8 hours ago,Randy Hall,Royal LePage Benchmark,253-1901
A2339895,https://www.realtor.ca/real-estate/30202200/115-coulee-way-sw-calgary-cougar-ridge,"$1,778,000",1778000.0,Single Family,115 Coulee Way SW,"Calgary, Alberta T3H0S4",51.069152062,-114.196289315,4 + 2,5,1,3252.83 sqft,2,House,6,,https://cdn.realtor.ca/listings/TS639233746210230000/reb9/medres/5/A2339895_1.jpg,639233890210200000,9 hours ago,Ivan Cilic,RE/MAX Real Estate (Mountain View),247-5171
A2316693,https://www.realtor.ca/real-estate/30202199/14-panatella-crescent-nw-calgary-panorama-hills,"$1,000,050",1000050.0,Single Family,14 Panatella Crescent NW,"Calgary, Alberta T3K0H4",51.165233855,-114.081351195,4 + 1,4,1,2459.76 sqft,2,House,4,,https://cdn.realtor.ca/listings/TS639233746036670000/reb9/medres/3/A2316693_1.jpg,639233890036630000,9 hours ago,Tanya Vaillancourt,RE/MAX Realty Professionals,259-4141
A2339413,https://www.realtor.ca/real-estate/30202190/71-martindale-court-ne-calgary-martindale,"$499,000",499000.0,Single Family,71 Martindale Court NE,"Calgary, Alberta T3J2V8",51.113536718,-113.950918029,3 + 1,3,0,1051.9 sqft,2,House,2,,https://cdn.realtor.ca/listings/TS639233740299000000/reb9/medres/3/A2339413_1.jpg,639233884298930000,9 hours ago,GS S. Mann,REMAX Innovations,228-5557
A2340427,https://www.realtor.ca/real-estate/30202101/113-830-centre-avenue-ne-calgary-bridgelandriverside,"$584,900",584900.0,Single Family,"113, 830 Centre Avenue NE","Calgary, Alberta T2E9C3",51.052725932,-114.043689025,3,3,1,1415.95 sqft,2,Row / Townhouse,1,,https://cdn.realtor.ca/listings/TS639233808973900000/reb9/medres/7/A2340427_1.jpg,639233872669200000,9 hours ago,Matt Halladay,Real Estate Professionals Inc.,547-4102
A2340001,https://www.realtor.ca/real-estate/30202088/198-annette-landing-nw-calgary-glacier-ridge,"$789,900",789900.0,Single Family,198 Annette Landing NW,"Calgary, Alberta T3R2K2",51.194182227,-114.166247664,4,4,0,2287.01 sqft,2,House,4,,https://cdn.realtor.ca/listings/TS639233727677000000/reb9/medres/1/A2340001_1.jpg,639233871676970000,9 hours ago,Sam Hudson,Town Residential,270-2440
A2340462,https://www.realtor.ca/real-estate/30202075/1907-28-avenue-sw-calgary-south-calgary,"$1,749,000",1749000.0,Single Family,1907 28 Avenue SW,"Calgary, Alberta T2T1K2",51.0284035,-114.1051098,4 + 1,4,0,2923.2 sqft,3,Duplex,4,,https://cdn.realtor.ca/listings/TS639233723104000000/reb9/medres/2/A2340462_1.jpg,639233867103970000,9 hours ago,Semra Kalemli,eXp Realty,262-7653
A2340184,https://www.realtor.ca/real-estate/30202023/141-evanspark-gardens-nw-calgary-evanston,"$749,900",749900.0,Single Family,141 Evanspark Gardens NW,"Calgary, Alberta T3P0G7",51.176498985,-114.113732579,3 + 1,4,1,1838.57 sqft,2,House,4,,https://cdn.realtor.ca/listings/TS639233712708170000/reb9/medres/4/A2340184_1.jpg,639233854566830000,10 hours ago,Jasben Lai,Real Broker,623-6900
A2336605,https://www.realtor.ca/real-estate/30202022/15-woodacres-way-sw-calgary-woodbine,"$1,449,900",1449900.0,Single Family,15 Woodacres Way SW,"Calgary, Alberta T2W4W2",50.932969736,-114.120679326,4 + 1,4,1,3570 sqft,2,House,6,,https://cdn.realtor.ca/listings/TS639233772738230000/reb9/medres/5/A2336605_1.jpg,639233854531870000,10 hours ago,Jeff T. Stephenson,eXp Realty,262-7653
A2340223,https://www.realtor.ca/real-estate/30202021/6824-temple-drive-ne-calgary-temple,"$475,000",475000.0,Single Family,6824 Temple Drive NE,"Calgary, Alberta T1Y4X8",51.0916516,-113.939811,2 + 2,3,1,1091.78 sqft,,House,2,,https://cdn.realtor.ca/listings/TS639233710487830000/reb9/medres/3/A2340223_1.jpg,639233854487800000,10 hours ago,Victoria Dalgleish,RE/MAX First,278-2900
A2340258,https://www.realtor.ca/real-estate/30202020/2-3421-5-avenue-nw-calgary-parkdale,"$600,000",600000.0,Single Family,"2, 3421 5 Avenue NW","Calgary, Alberta T2N0V5",51.058735862,-114.135067841,2 + 1,4,1,1572.26 sqft,3,Row / Townhouse,1,,https://cdn.realtor.ca/listings/TS639233719949430000/reb9/medres/8/A2340258_1.jpg,639233854364470000,10 hours ago,Jesse Davies,Century 21 Bamber Realty LTD.,245-0773
A2340205,https://www.realtor.ca/real-estate/30201986/2042-56-avenue-sw-calgary-north-glenmore-park,"$1,499,000",1499000.0,Single Family,2042 56 Avenue SW,"Calgary, Alberta T3E1M8",51.003435908,-114.108837642,3 + 1,1,0,2050 sqft,2,House,2,,https://cdn.realtor.ca/listings/TS639233707920100000/reb9/medres/5/A2340205_1.jpg,639233848168330000,10 hours ago,Jasmeen Sekhon,Creekside Realty,683-6000
A2340386,https://www.realtor.ca/real-estate/30201947/7203-8-street-nw-calgary-huntington-hills,"$549,900",549900.0,Single Family,7203 8 Street NW,"Calgary, Alberta T2K1G2",51.116603721,-114.077143644,3 + 3,2,0,1141.2 sqft,1,House,2,,https://cdn.realtor.ca/listings/TS639233692795400000/reb9/medres/6/A2340386_1.jpg,639233836795370000,10 hours ago,GS S. Mann,REMAX Innovations,228-5557
A2340450,https://www.realtor.ca/real-estate/30201870/2407-4-avenue-nw-calgary-west-hillhurst,"$2,249,000",2249000.0,Single Family,2407 4 Avenue NW,"Calgary, Alberta T2N0P3",51.0560717,-114.1158834,3 + 1,5,1,3420.36 sqft,3,House,3,,https://cdn.realtor.ca/listings/TS639233674228900000/reb9/medres/0/A2340450_1.jpg,639233818228870000,11 hours ago,Timothy Green,eXp Realty,262-7653
A2340412,https://www.realtor.ca/real-estate/30201650/2376-eversyde-avenue-sw-calgary-evergreen,"$429,900",429900.0,Single Family,2376 Eversyde Avenue SW,"Calgary, Alberta T2Y4X6",50.908254611,-114.114216792,3 + 1,4,1,1307 sqft,2,Row / Townhouse,,,https://cdn.realtor.ca/listings/TS639233743268600000/reb9/medres/2/A2340412_1.jpg,639233794837300000,11 hours ago,David Strashok,First Place Realty,547-8401
A2340392,https://www.realtor.ca/real-estate/30201595/1719-cornerstone-boulevard-ne-calgary-cornerstone,"$375,000",375000.0,Single Family,1719 Cornerstone Boulevard NE,"Calgary, Alberta T3N1S4",51.164518,-113.9385945,4,3,1,1556.53 sqft,3,Row / Townhouse,2,,https://cdn.realtor.ca/listings/TS639233640594870000/reb9/medres/2/A2340392_1.jpg,639233784594830000,12 hours ago,Kevin Anh Huynh,REMAX Innovations,228-5557
A2340356,https://www.realtor.ca/real-estate/30201529/48-bermuda-court-nw-calgary-beddington-heights,"$459,900",459900.0,Single Family,48 Bermuda Court NW,"Calgary, Alberta T3K1H3",51.129164135,-114.077929104,3,1,0,1067 sqft,1,Duplex,1,,https://cdn.realtor.ca/listings/TS639233778787070000/reb9/medres/6/A2340356_1.jpg,639233776525100000,12 hours ago,Richard Bergeron,RE/MAX Realty Professionals,259-4141
A2340290,https://www.realtor.ca/real-estate/30201374/2323-60-panatella-street-nw-calgary-panorama-hills,"$289,900",289900.0,Single Family,"2323, 60 Panatella Street NW","Calgary, Alberta T3K0M2",51.164541301,-114.090431162,2,2,0,954 sqft,4,Apartment,1,,https://cdn.realtor.ca/listings/TS639233622978570000/reb9/medres/0/A2340290_1.jpg,639233766978500000,12 hours ago,Jessica Chan,Jessica Chan Real Estate & Management Inc.,241-9800
A2327940,https://www.realtor.ca/real-estate/30201303/14010-84-street-se-calgary,"$2,495,000",2495000.0,Single Family,14010 84 Street SE,"Calgary, Alberta T3S0A6",50.926353179,-113.910020853,2 + 3,2,0,1553.74 sqft,,House,,,https://cdn.realtor.ca/listings/TS639233620590000000/reb9/medres/0/A2327940_1.jpg,639233764589930000,12 hours ago,Simon D. Hunt,RE/MAX House of Real Estate,287-3880
A2293199,https://www.realtor.ca/real-estate/30201272/426-25-auburn-meadows-avenue-se-calgary-auburn-bay,"$277,500",277500.0,Single Family,"426, 25 Auburn Meadows Avenue SE","Calgary, Alberta T3M2L3",50.896065495,-113.945069437,1,1,0,659.4 sqft,4,Apartment,1,,https://cdn.realtor.ca/listings/TS639233620154500000/reb9/medres/9/A2293199_1.jpg,639233764154430000,12 hours ago,Anna Olsinska,Diamond Realty & Associates Ltd,453-8211
A2339537,https://www.realtor.ca/real-estate/30201244/1110-738-3-avenue-sw-calgary-eau-claire,"$185,000",185000.0,Single Family,"1110, 738 3 Avenue SW","Calgary, Alberta T2P0G7",51.050983389,-114.077613481,1,1,0,520.65 sqft,17,Apartment,1,,https://cdn.realtor.ca/listings/TS639233616085070000/reb9/medres/7/A2339537_1.jpg,639233760084970000,12 hours ago,Gary D. Heald,RE/MAX First,278-2900
A2340249,https://www.realtor.ca/real-estate/30201240/32-patina-park-sw-calgary-patterson,"$450,000",450000.0,Single Family,32 Patina Park SW,"Calgary, Alberta T3H3E1",51.056796319,-114.171527313,2,2,1,1341.34 sqft,2,Row / Townhouse,2,,https://cdn.realtor.ca/listings/TS639233615816870000/reb9/medres/9/A2340249_1.jpg,639233759816830000,12 hours ago,Ryan Wood,Grassroots Realty Group,477-6687
A2340123,https://www.realtor.ca/real-estate/30201200/694-panorama-hills-drive-nw-calgary-panorama-hills,"$865,000",865000.0,Single Family,694 Panorama Hills Drive NW,"Calgary, Alberta T3E8G8",51.149438037,-114.079696537,2 + 2,3,0,1627.59 sqft,1,House,4,,https://cdn.realtor.ca/listings/TS639233605251700000/reb9/medres/3/A2340123_1.jpg,639233749251670000,13 hours ago,Ayo Olajide,Real Broker,623-6900
A2340057,https://www.realtor.ca/real-estate/30201110/12-country-hills-gate-nw-calgary-country-hills,"$645,900",645900.0,Single Family,12 Country Hills Gate NW,"Calgary, Alberta T3K5C8",51.145216366,-114.07527052,3,5,1,1686 sqft,2,House,4,,https://cdn.realtor.ca/listings/TS639233665749370000/reb9/medres/7/A2340057_1.jpg,639233741310630000,13 hours ago,Ian Cooper,Royal LePage Blue Sky,338-2200
A2336244,https://www.realtor.ca/real-estate/30201103/139-tuscany-ridge-close-nw-calgary-tuscany,"$839,900",839900.0,Single Family,139 Tuscany Ridge Close NW,"Calgary, Alberta T3L2K6",51.120779867,-114.251688482,3 + 1,4,1,2284.56 sqft,2,House,4,,https://cdn.realtor.ca/listings/TS639233604995730000/reb9/medres/4/A2336244_1.jpg,639233740094330000,13 hours ago,Ricky Easthope,Real Broker,623-6900
A2331180,https://www.realtor.ca/real-estate/30201056/130-tuscany-valley-green-nw-calgary-tuscany,"$949,900",949900.0,Single Family,130 Tuscany Valley Green NW,"Calgary, Alberta T3L2K3",51.131477414,-114.247957688,3 + 3,4,1,2144.15 sqft,2,House,4,,https://cdn.realtor.ca/listings/TS639233586796100000/reb9/medres/0/A2331180_1.jpg,639233730796070000,13 hours ago,Jessica Bruse,REMAX Innovations,228-5557
A2340132,https://www.realtor.ca/real-estate/30201052/160-dover-ridge-bay-se-calgary-dover,"$499,900",499900.0,Single Family,160 Dover Ridge Bay SE,"Calgary, Alberta T2B2B5",51.019760767,-113.990494813,3 + 2,3,1,1156 sqft,1,House,2,,https://cdn.realtor.ca/listings/TS639233586433530000/reb9/medres/2/A2340132_1.jpg,639233730433500000,13 hours ago,Sabriya Halford,2% Realty,606-3500
A2339809,https://www.realtor.ca/real-estate/30201051/299-woodside-circle-sw-calgary-woodlands,"$575,000",575000.0,Single Family,299 Woodside Circle SW,"Calgary, Alberta T2W3K2",50.939447385,-114.113355149,3,3,1,1136.48 sqft,,House,2,,https://cdn.realtor.ca/listings/TS639233677511500000/reb9/medres/9/A2339809_1.jpg,639233730414300000,13 hours ago,Daniyal Nasiri,MaxWell Canyon Creek,278-8899
A2340348,https://www.realtor.ca/real-estate/30201035/6607-malvern-road-ne-calgary-marlborough-park,"$484,900",484900.0,Single Family,6607 Malvern Road NE,"Calgary, Alberta T2A5C3",51.054795199,-113.93838797,3 + 2,2,0,983.2 sqft,1,House,2,,https://cdn.realtor.ca/listings/TS639233586171330000/reb9/medres/8/A2340348_1.jpg,639233730171300000,13 hours ago,Jeremy Dinh,eXp Realty,262-7653
A2339726,https://www.realtor.ca/real-estate/30200927/78-everglen-way-sw-calgary-evergreen,"$639,900",639900.0,Single Family,78 Everglen Way SW,"Calgary, Alberta T2Y5G3",50.913128127,-114.126871308,3,3,1,1635.36 sqft,2,House,1,,https://cdn.realtor.ca/listings/TS639233749165330000/reb9/medres/6/A2339726_1.jpg,639233722390730000,13 hours ago,Juanita Power,First Place Realty,547-8401
A2340077,https://www.realtor.ca/real-estate/30200898/471-buffaloberry-manor-se-calgary-ricardo-ranch,"$619,715",619715.0,Single Family,471 Buffaloberry Manor SE,"Calgary, Alberta T3M4G8",50.862300923,-113.950905546,3,3,1,1656.6 sqft,2,House,2,,https://cdn.realtor.ca/listings/TS639233572698430000/reb25/medres/7/A2340077_1.jpg,639233716698330000,14 hours ago,David Lofthaug,Bode Platform Inc.,602-3307
A2340294,https://www.realtor.ca/real-estate/30200855/17-sandpiper-link-nw-calgary-sandstone-valley,"$300,000",300000.0,Single Family,17 Sandpiper Link NW,"Calgary, Alberta T3K4L7",51.137372025,-114.092876035,3,2,1,1173 sqft,2,Row / Townhouse,2,,https://cdn.realtor.ca/listings/TS639233568137170000/reb9/medres/4/A2340294_1.jpg,639233712137070000,14 hours ago,Justin Havre,eXp Realty,262-7653
A2340376,https://www.realtor.ca/real-estate/30200852/15-10-sage-meadows-landing-nw-calgary-sage-hill,"$399,900",399900.0,Single Family,"15, 10 Sage Meadows Landing NW","Calgary, Alberta T3P2Z8",51.181930818,-114.133641927,3,3,1,1487 sqft,3,Row / Townhouse,1,,https://cdn.realtor.ca/listings/TS639233567838330000/reb9/medres/6/A2340376_1.jpg,639233711838300000,14 hours ago,Cindy Cheng,Century 21 Bravo Realty,250-2882
A2338363,https://www.realtor.ca/real-estate/30200851/55-anaheim-crescent-ne-calgary-monterey-park,"$599,000",599000.0,Single Family,55 Anaheim Crescent NE,"Calgary, Alberta T1Y7B8",51.0844733,-113.9246402,3 + 1,4,1,1439.22 sqft,2,House,4,,https://cdn.realtor.ca/listings/TS639233605167300000/reb9/medres/3/A2338363_1.jpg,639233711821870000,14 hours ago,Happe Dhillon,RE/MAX Crown,455-5215
A2340328,https://www.realtor.ca/real-estate/30200808/70-rosemary-gardens-se-calgary-rangeview,"$724,900",724900.0,Single Family,70 Rosemary Gardens SE,"Calgary, Alberta T3S1B2",50.870948027,-113.908337716,4,3,1,2069.05 sqft,2,House,4,,https://cdn.realtor.ca/listings/TS639233565913770000/reb25/medres/8/A2340328_1.jpg,639233709913730000,14 hours ago,David Lofthaug,Bode Platform Inc.,602-3307
A2340358,https://www.realtor.ca/real-estate/30200778/40-pinecliff-close-calgary-pineridge,"$370,000",370000.0,Single Family,40 Pinecliff Close,"Calgary, Alberta T1Y4N5",51.0766512,-113.9360342,3,2,1,1085 sqft,2,Duplex,2,,https://cdn.realtor.ca/listings/TS639233617164270000/reb9/medres/8/A2340358_1.jpg,639233705052600000,14 hours ago,Kevin Anh Huynh,REMAX Innovations,228-5557
A2339616,https://www.realtor.ca/real-estate/30200776/522-6400-coach-hill-road-sw-calgary-coach-hill,"$184,900",184900.0,Single Family,"522, 6400 Coach Hill Road SW","Calgary, Alberta T3H1B8",51.057580371,-114.178904414,2,1,0,864.69 sqft,4,Apartment,,,https://cdn.realtor.ca/listings/TS639233629092770000/reb9/medres/6/A2339616_1.jpg,639233704545300000,14 hours ago,Dorothea Sautter,Royal LePage Benchmark,253-1901
A2338971,https://www.realtor.ca/real-estate/30200687/2218-35-street-sw-calgary-killarneyglengarry,"$1,199,900",1199900.0,Single Family,2218 35 Street SW,"Calgary, Alberta T3X2X8",51.034117,-114.1380115,3 + 2,4,1,1921.6 sqft,2,Duplex,2,,https://cdn.realtor.ca/listings/TS639233549626630000/reb9/medres/1/A2338971_1.jpg,639233693626600000,14 hours ago,Harry Morgan,Royal LePage Blue Sky,338-2200
A2326363,https://www.realtor.ca/real-estate/30200656/3815-7a-street-sw-calgary-elbow-park,"$1,785,000",1785000.0,Single Family,3815 7A Street SW,"Calgary, Alberta T2T2Y8",51.021056165,-114.082605995,3 + 1,4,1,2040.8 sqft,2,House,2,,https://cdn.realtor.ca/listings/TS639233928212830000/reb9/medres/3/A2326363_1.jpg,639233692042030000,14 hours ago,Derrick Newman,CIR Realty,271-0600
